Node,Load,Algorithm,Time
I,100,Algorithm1,0.003449
I,100,Algorithm1,0.00342
I,100,Algorithm1,0.003435
I,100,Algorithm1,0.003427
I,100,Algorithm1,0.003412
I,100,Algorithm1,0.003442
I,100,Algorithm1,0.003429
I,100,Algorithm1,0.003408
I,100,Algorithm1,0.003451
I,100,Algorithm1,0.003435
I,100,Algorithm1,0.00341
I,100,Algorithm1,0.00341
I,100,Algorithm1,0.00342
I,100,Algorithm1,0.00341
I,100,Algorithm1,0.00343
I,100,Algorithm1,0.00344
I,100,Algorithm1,0.00344
I,100,Algorithm1,0.00343
I,100,Algorithm1,0.00343
I,100,Algorithm1,0.00342
I,100,Algorithm1,0.00342
I,100,Algorithm1,0.00345
I,100,Algorithm1,0.00341
I,100,Algorithm1,0.00345
I,100,Algorithm1,0.00342
I,100,Algorithm1,0.00341
I,100,Algorithm1,0.00341
I,100,Algorithm1,0.00344
I,100,Algorithm1,0.00342
I,100,Algorithm1,0.00342
I,100,Algorithm2,0.017452
I,100,Algorithm2,0.017424
I,100,Algorithm2,0.017467
I,100,Algorithm2,0.017418
I,100,Algorithm2,0.017426
I,100,Algorithm2,0.017414
I,100,Algorithm2,0.017437
I,100,Algorithm2,0.017438
I,100,Algorithm2,0.017456
I,100,Algorithm2,0.01748
I,100,Algorithm2,0.01747
I,100,Algorithm2,0.01742
I,100,Algorithm2,0.01741
I,100,Algorithm2,0.01741
I,100,Algorithm2,0.01744
I,100,Algorithm2,0.01747
I,100,Algorithm2,0.01744
I,100,Algorithm2,0.01743
I,100,Algorithm2,0.01745
I,100,Algorithm2,0.01747
I,100,Algorithm2,0.01742
I,100,Algorithm2,0.01748
I,100,Algorithm2,0.01743
I,100,Algorithm2,0.01744
I,100,Algorithm2,0.01742
I,100,Algorithm2,0.01742
I,100,Algorithm2,0.01746
I,100,Algorithm2,0.01746
I,100,Algorithm2,0.01744
I,100,Algorithm2,0.01742
I,100,Algorithm3,0.005894
I,100,Algorithm3,0.005945
I,100,Algorithm3,0.005737
I,100,Algorithm3,0.005736
I,100,Algorithm3,0.005717
I,100,Algorithm3,0.005728
I,100,Algorithm3,0.005773
I,100,Algorithm3,0.005734
I,100,Algorithm3,0.005768
I,100,Algorithm3,0.005886
I,100,Algorithm3,0.00588
I,100,Algorithm3,0.00591
I,100,Algorithm3,0.00582
I,100,Algorithm3,0.00582
I,100,Algorithm3,0.00587
I,100,Algorithm3,0.00593
I,100,Algorithm3,0.00592
I,100,Algorithm3,0.00581
I,100,Algorithm3,0.0059
I,100,Algorithm3,0.0058
I,100,Algorithm3,0.00579
I,100,Algorithm3,0.00577
I,100,Algorithm3,0.00586
I,100,Algorithm3,0.0058
I,100,Algorithm3,0.00578
I,100,Algorithm3,0.00577
I,100,Algorithm3,0.00585
I,100,Algorithm3,0.00591
I,100,Algorithm3,0.00586
I,100,Algorithm3,0.00588
I,200,Algorithm1,0.027658
I,200,Algorithm1,0.027618
I,200,Algorithm1,0.027435
I,200,Algorithm1,0.027492
I,200,Algorithm1,0.027459
I,200,Algorithm1,0.027415
I,200,Algorithm1,0.027393
I,200,Algorithm1,0.027529
I,200,Algorithm1,0.027526
I,200,Algorithm1,0.027475
I,200,Algorithm1,0.02745
I,200,Algorithm1,0.02762
I,200,Algorithm1,0.02756
I,200,Algorithm1,0.02757
I,200,Algorithm1,0.02753
I,200,Algorithm1,0.0276
I,200,Algorithm1,0.02745
I,200,Algorithm1,0.02755
I,200,Algorithm1,0.0274
I,200,Algorithm1,0.02763
I,200,Algorithm1,0.02762
I,200,Algorithm1,0.02742
I,200,Algorithm1,0.02763
I,200,Algorithm1,0.02746
I,200,Algorithm1,0.02753
I,200,Algorithm1,0.0274
I,200,Algorithm1,0.02746
I,200,Algorithm1,0.02742
I,200,Algorithm1,0.02747
I,200,Algorithm1,0.02762
I,200,Algorithm2,0.151209
I,200,Algorithm2,0.150989
I,200,Algorithm2,0.150239
I,200,Algorithm2,0.151021
I,200,Algorithm2,0.149684
I,200,Algorithm2,0.149995
I,200,Algorithm2,0.149598
I,200,Algorithm2,0.149054
I,200,Algorithm2,0.149447
I,200,Algorithm2,0.151237
I,200,Algorithm2,0.15021
I,200,Algorithm2,0.15041
I,200,Algorithm2,0.15103
I,200,Algorithm2,0.1511
I,200,Algorithm2,0.15013
I,200,Algorithm2,0.15087
I,200,Algorithm2,0.14978
I,200,Algorithm2,0.15031
I,200,Algorithm2,0.14986
I,200,Algorithm2,0.1508
I,200,Algorithm2,0.14983
I,200,Algorithm2,0.15039
I,200,Algorithm2,0.15014
I,200,Algorithm2,0.14987
I,200,Algorithm2,0.15094
I,200,Algorithm2,0.15118
I,200,Algorithm2,0.14992
I,200,Algorithm2,0.14969
I,200,Algorithm2,0.14984
I,200,Algorithm2,0.15109
I,200,Algorithm3,0.062196
I,200,Algorithm3,0.060036
I,200,Algorithm3,0.058369
I,200,Algorithm3,0.058582
I,200,Algorithm3,0.059314
I,200,Algorithm3,0.058973
I,200,Algorithm3,0.057792
I,200,Algorithm3,0.059846
I,200,Algorithm3,0.060429
I,200,Algorithm3,0.059025
I,200,Algorithm3,0.06194
I,200,Algorithm3,0.05955
I,200,Algorithm3,0.06165
I,200,Algorithm3,0.05864
I,200,Algorithm3,0.05819
I,200,Algorithm3,0.06155
I,200,Algorithm3,0.0583
I,200,Algorithm3,0.05902
I,200,Algorithm3,0.0582
I,200,Algorithm3,0.06195
I,200,Algorithm3,0.06151
I,200,Algorithm3,0.05872
I,200,Algorithm3,0.0589
I,200,Algorithm3,0.06084
I,200,Algorithm3,0.06034
I,200,Algorithm3,0.05982
I,200,Algorithm3,0.06163
I,200,Algorithm3,0.0601
I,200,Algorithm3,0.05853
I,200,Algorithm3,0.06211
I,400,Algorithm1,0.231311
I,400,Algorithm1,0.230717
I,400,Algorithm1,0.231384
I,400,Algorithm1,0.230944
I,400,Algorithm1,0.230792
I,400,Algorithm1,0.231525
I,400,Algorithm1,0.230345
I,400,Algorithm1,0.231225
I,400,Algorithm1,0.231323
I,400,Algorithm1,0.230546
I,400,Algorithm1,0.23117
I,400,Algorithm1,0.23118
I,400,Algorithm1,0.23095
I,400,Algorithm1,0.23123
I,400,Algorithm1,0.23116
I,400,Algorithm1,0.23113
I,400,Algorithm1,0.23081
I,400,Algorithm1,0.23121
I,400,Algorithm1,0.23038
I,400,Algorithm1,0.23119
I,400,Algorithm1,0.23046
I,400,Algorithm1,0.2311
I,400,Algorithm1,0.2313
I,400,Algorithm1,0.23052
I,400,Algorithm1,0.23085
I,400,Algorithm1,0.23101
I,400,Algorithm1,0.23139
I,400,Algorithm1,0.23142
I,400,Algorithm1,0.23068
I,400,Algorithm1,0.23099
I,400,Algorithm2,1.36832
I,400,Algorithm2,1.320933
I,400,Algorithm2,1.358904
I,400,Algorithm2,1.367566
I,400,Algorithm2,1.322575
I,400,Algorithm2,1.332228
I,400,Algorithm2,1.320961
I,400,Algorithm2,1.317194
I,400,Algorithm2,1.388389
I,400,Algorithm2,1.431514
I,400,Algorithm2,1.41034
I,400,Algorithm2,1.39035
I,400,Algorithm2,1.35738
I,400,Algorithm2,1.36324
I,400,Algorithm2,1.3235
I,400,Algorithm2,1.34518
I,400,Algorithm2,1.33094
I,400,Algorithm2,1.35238
I,400,Algorithm2,1.33307
I,400,Algorithm2,1.3611
I,400,Algorithm2,1.33315
I,400,Algorithm2,1.41869
I,400,Algorithm2,1.37832
I,400,Algorithm2,1.34591
I,400,Algorithm2,1.3344
I,400,Algorithm2,1.41016
I,400,Algorithm2,1.36215
I,400,Algorithm2,1.3862
I,400,Algorithm2,1.41877
I,400,Algorithm2,1.40239
I,400,Algorithm3,0.559129
I,400,Algorithm3,0.529822
I,400,Algorithm3,0.558595
I,400,Algorithm3,0.550068
I,400,Algorithm3,0.549755
I,400,Algorithm3,0.549732
I,400,Algorithm3,0.562802
I,400,Algorithm3,0.548576
I,400,Algorithm3,0.552056
I,400,Algorithm3,0.576943
I,400,Algorithm3,0.54782
I,400,Algorithm3,0.536
I,400,Algorithm3,0.54947
I,400,Algorithm3,0.53832
I,400,Algorithm3,0.57154
I,400,Algorithm3,0.53294
I,400,Algorithm3,0.55274
I,400,Algorithm3,0.5303
I,400,Algorithm3,0.57019
I,400,Algorithm3,0.57039
I,400,Algorithm3,0.55528
I,400,Algorithm3,0.53571
I,400,Algorithm3,0.54102
I,400,Algorithm3,0.5755
I,400,Algorithm3,0.53461
I,400,Algorithm3,0.55036
I,400,Algorithm3,0.5601
I,400,Algorithm3,0.56844
I,400,Algorithm3,0.54618
I,400,Algorithm3,0.55229
I,600,Algorithm1,0.782513
I,600,Algorithm1,0.784044
I,600,Algorithm1,0.78224
I,600,Algorithm1,0.783997
I,600,Algorithm1,0.781492
I,600,Algorithm1,0.784679
I,600,Algorithm1,0.782139
I,600,Algorithm1,0.785455
I,600,Algorithm1,0.781738
I,600,Algorithm1,0.793019
I,600,Algorithm1,0.78161
I,600,Algorithm1,0.78851
I,600,Algorithm1,0.79123
I,600,Algorithm1,0.79044
I,600,Algorithm1,0.78605
I,600,Algorithm1,0.78204
I,600,Algorithm1,0.78346
I,600,Algorithm1,0.7837
I,600,Algorithm1,0.79241
I,600,Algorithm1,0.79143
I,600,Algorithm1,0.79049
I,600,Algorithm1,0.78308
I,600,Algorithm1,0.79147
I,600,Algorithm1,0.79195
I,600,Algorithm1,0.78952
I,600,Algorithm1,0.78692
I,600,Algorithm1,0.78319
I,600,Algorithm1,0.78875
I,600,Algorithm1,0.79185
I,600,Algorithm1,0.78992
I,600,Algorithm2,5.977686
I,600,Algorithm2,5.911936
I,600,Algorithm2,5.726251
I,600,Algorithm2,5.547997
I,600,Algorithm2,5.700756
I,600,Algorithm2,6.136363
I,600,Algorithm2,5.887671
I,600,Algorithm2,5.58262
I,600,Algorithm2,5.23548
I,600,Algorithm2,5.619083
I,600,Algorithm2,5.70234
I,600,Algorithm2,5.27578
I,600,Algorithm2,5.87002
I,600,Algorithm2,5.39706
I,600,Algorithm2,5.473
I,600,Algorithm2,5.49202
I,600,Algorithm2,5.57324
I,600,Algorithm2,5.75054
I,600,Algorithm2,5.52123
I,600,Algorithm2,5.73952
I,600,Algorithm2,5.39202
I,600,Algorithm2,5.29619
I,600,Algorithm2,6.03723
I,600,Algorithm2,5.89068
I,600,Algorithm2,6.13203
I,600,Algorithm2,5.65204
I,600,Algorithm2,5.37744
I,600,Algorithm2,6.10896
I,600,Algorithm2,6.13237
I,600,Algorithm2,5.76718
I,600,Algorithm3,2.440129
I,600,Algorithm3,2.23389
I,600,Algorithm3,2.365305
I,600,Algorithm3,2.297147
I,600,Algorithm3,2.327859
I,600,Algorithm3,2.271553
I,600,Algorithm3,2.25759
I,600,Algorithm3,2.305495
I,600,Algorithm3,2.287233
I,600,Algorithm3,2.313741
I,600,Algorithm3,2.25367
I,600,Algorithm3,2.35509
I,600,Algorithm3,2.32322
I,600,Algorithm3,2.32286
I,600,Algorithm3,2.43333
I,600,Algorithm3,2.31878
I,600,Algorithm3,2.34216
I,600,Algorithm3,2.32749
I,600,Algorithm3,2.34206
I,600,Algorithm3,2.23478
I,600,Algorithm3,2.36153
I,600,Algorithm3,2.2955
I,600,Algorithm3,2.29824
I,600,Algorithm3,2.25894
I,600,Algorithm3,2.2428
I,600,Algorithm3,2.24408
I,600,Algorithm3,2.32501
I,600,Algorithm3,2.31097
I,600,Algorithm3,2.24586
I,600,Algorithm3,2.32744
I,800,Algorithm1,2.493015
I,800,Algorithm1,2.499244
I,800,Algorithm1,2.447596
I,800,Algorithm1,2.558863
I,800,Algorithm1,2.472232
I,800,Algorithm1,2.50297
I,800,Algorithm1,2.471573
I,800,Algorithm1,2.537994
I,800,Algorithm1,2.490401
I,800,Algorithm1,2.49667
I,800,Algorithm1,2.47212
I,800,Algorithm1,2.51239
I,800,Algorithm1,2.47513
I,800,Algorithm1,2.55633
I,800,Algorithm1,2.52874
I,800,Algorithm1,2.51681
I,800,Algorithm1,2.53519
I,800,Algorithm1,2.51886
I,800,Algorithm1,2.52631
I,800,Algorithm1,2.52062
I,800,Algorithm1,2.45608
I,800,Algorithm1,2.51482
I,800,Algorithm1,2.46875
I,800,Algorithm1,2.45631
I,800,Algorithm1,2.48716
I,800,Algorithm1,2.48425
I,800,Algorithm1,2.5541
I,800,Algorithm1,2.52086
I,800,Algorithm1,2.4669
I,800,Algorithm1,2.45585
I,800,Algorithm2,14.849271
I,800,Algorithm2,15.403495
I,800,Algorithm2,15.65268
I,800,Algorithm2,15.512441
I,800,Algorithm2,14.821066
I,800,Algorithm2,14.839812
I,800,Algorithm2,14.702113
I,800,Algorithm2,14.800425
I,800,Algorithm2,14.855618
I,800,Algorithm2,14.909663
I,800,Algorithm2,15.13262
I,800,Algorithm2,15.43936
I,800,Algorithm2,15.23204
I,800,Algorithm2,14.88298
I,800,Algorithm2,15.43989
I,800,Algorithm2,15.26755
I,800,Algorithm2,15.50688
I,800,Algorithm2,15.47297
I,800,Algorithm2,14.83547
I,800,Algorithm2,15.29585
I,800,Algorithm2,15.02558
I,800,Algorithm2,15.14024
I,800,Algorithm2,14.82921
I,800,Algorithm2,15.62272
I,800,Algorithm2,14.89981
I,800,Algorithm2,15.44245
I,800,Algorithm2,15.47342
I,800,Algorithm2,14.7939
I,800,Algorithm2,14.9664
I,800,Algorithm2,15.02177
I,800,Algorithm3,7.30623
I,800,Algorithm3,7.557023
I,800,Algorithm3,7.853691
I,800,Algorithm3,8.029019
I,800,Algorithm3,7.531348
I,800,Algorithm3,8.337956
I,800,Algorithm3,7.948769
I,800,Algorithm3,7.418116
I,800,Algorithm3,7.339644
I,800,Algorithm3,7.489858
I,800,Algorithm3,8.0629
I,800,Algorithm3,7.73654
I,800,Algorithm3,7.62856
I,800,Algorithm3,8.12451
I,800,Algorithm3,8.19895
I,800,Algorithm3,7.69169
I,800,Algorithm3,7.96956
I,800,Algorithm3,7.58784
I,800,Algorithm3,7.95961
I,800,Algorithm3,7.78344
I,800,Algorithm3,8.23095
I,800,Algorithm3,7.52367
I,800,Algorithm3,7.76553
I,800,Algorithm3,7.54106
I,800,Algorithm3,7.54296
I,800,Algorithm3,7.37794
I,800,Algorithm3,8.03444
I,800,Algorithm3,7.73787
I,800,Algorithm3,8.31942
I,800,Algorithm3,7.84374
I,1000,Algorithm1,3.631406
I,1000,Algorithm1,3.618832
I,1000,Algorithm1,3.619196
I,1000,Algorithm1,3.631467
I,1000,Algorithm1,3.613753
I,1000,Algorithm1,3.617056
I,1000,Algorithm1,3.618137
I,1000,Algorithm1,3.627304
I,1000,Algorithm1,3.616708
I,1000,Algorithm1,3.627299
I,1000,Algorithm1,3.61445
I,1000,Algorithm1,3.63104
I,1000,Algorithm1,3.6305
I,1000,Algorithm1,3.6272
I,1000,Algorithm1,3.62995
I,1000,Algorithm1,3.61544
I,1000,Algorithm1,3.61878
I,1000,Algorithm1,3.62967
I,1000,Algorithm1,3.63029
I,1000,Algorithm1,3.62818
I,1000,Algorithm1,3.61381
I,1000,Algorithm1,3.62856
I,1000,Algorithm1,3.62122
I,1000,Algorithm1,3.6195
I,1000,Algorithm1,3.62255
I,1000,Algorithm1,3.62559
I,1000,Algorithm1,3.6227
I,1000,Algorithm1,3.62306
I,1000,Algorithm1,3.62113
I,1000,Algorithm1,3.62975
I,1000,Algorithm2,29.38086
I,1000,Algorithm2,29.410456
I,1000,Algorithm2,30.588767
I,1000,Algorithm2,29.681669
I,1000,Algorithm2,29.270062
I,1000,Algorithm2,29.333298
I,1000,Algorithm2,29.19261
I,1000,Algorithm2,29.347971
I,1000,Algorithm2,29.335789
I,1000,Algorithm2,29.170427
I,1000,Algorithm2,30.40123
I,1000,Algorithm2,30.35437
I,1000,Algorithm2,30.07445
I,1000,Algorithm2,30.33356
I,1000,Algorithm2,30.47523
I,1000,Algorithm2,30.47438
I,1000,Algorithm2,29.97098
I,1000,Algorithm2,29.49524
I,1000,Algorithm2,30.06645
I,1000,Algorithm2,29.99142
I,1000,Algorithm2,30.1986
I,1000,Algorithm2,29.20446
I,1000,Algorithm2,29.88088
I,1000,Algorithm2,29.6491
I,1000,Algorithm2,29.62354
I,1000,Algorithm2,30.25987
I,1000,Algorithm2,30.21153
I,1000,Algorithm2,30.11924
I,1000,Algorithm2,30.42144
I,1000,Algorithm2,30.53986
I,1000,Algorithm3,17.489759
I,1000,Algorithm3,16.771386
I,1000,Algorithm3,17.214859
I,1000,Algorithm3,18.48994
I,1000,Algorithm3,19.165035
I,1000,Algorithm3,18.638469
I,1000,Algorithm3,17.426351
I,1000,Algorithm3,16.896609
I,1000,Algorithm3,16.584343
I,1000,Algorithm3,17.095466
I,1000,Algorithm3,18.67968
I,1000,Algorithm3,16.85895
I,1000,Algorithm3,17.69137
I,1000,Algorithm3,18.02647
I,1000,Algorithm3,17.73648
I,1000,Algorithm3,18.3567
I,1000,Algorithm3,18.14191
I,1000,Algorithm3,18.46742
I,1000,Algorithm3,17.88549
I,1000,Algorithm3,19.00435
I,1000,Algorithm3,17.22018
I,1000,Algorithm3,18.55356
I,1000,Algorithm3,16.67264
I,1000,Algorithm3,18.6965
I,1000,Algorithm3,18.85006
I,1000,Algorithm3,18.29311
I,1000,Algorithm3,16.75376
I,1000,Algorithm3,17.7381
I,1000,Algorithm3,19.09845
I,1000,Algorithm3,18.25447
I,1200,Algorithm1,6.692209
I,1200,Algorithm1,6.939998
I,1200,Algorithm1,6.957705
I,1200,Algorithm1,6.68569
I,1200,Algorithm1,6.766987
I,1200,Algorithm1,6.860758
I,1200,Algorithm1,6.74879
I,1200,Algorithm1,6.705461
I,1200,Algorithm1,6.754067
I,1200,Algorithm1,6.646627
I,1200,Algorithm1,6.83699
I,1200,Algorithm1,6.94157
I,1200,Algorithm1,6.70405
I,1200,Algorithm1,6.72772
I,1200,Algorithm1,6.70232
I,1200,Algorithm1,6.67293
I,1200,Algorithm1,6.7477
I,1200,Algorithm1,6.69455
I,1200,Algorithm1,6.79058
I,1200,Algorithm1,6.86294
I,1200,Algorithm1,6.77598
I,1200,Algorithm1,6.85275
I,1200,Algorithm1,6.89566
I,1200,Algorithm1,6.7197
I,1200,Algorithm1,6.9028
I,1200,Algorithm1,6.67074
I,1200,Algorithm1,6.84248
I,1200,Algorithm1,6.76251
I,1200,Algorithm1,6.84112
I,1200,Algorithm1,6.8132
I,1200,Algorithm2,50.958885
I,1200,Algorithm2,51.02328
I,1200,Algorithm2,52.490303
I,1200,Algorithm2,51.111949
I,1200,Algorithm2,51.023857
I,1200,Algorithm2,51.028256
I,1200,Algorithm2,50.943986
I,1200,Algorithm2,51.028077
I,1200,Algorithm2,52.67911
I,1200,Algorithm2,51.196039
I,1200,Algorithm2,51.59991
I,1200,Algorithm2,51.26865
I,1200,Algorithm2,52.2566
I,1200,Algorithm2,52.49723
I,1200,Algorithm2,52.57917
I,1200,Algorithm2,51.67857
I,1200,Algorithm2,51.32163
I,1200,Algorithm2,52.17871
I,1200,Algorithm2,52.07372
I,1200,Algorithm2,51.23898
I,1200,Algorithm2,52.22047
I,1200,Algorithm2,51.89622
I,1200,Algorithm2,52.52617
I,1200,Algorithm2,51.77698
I,1200,Algorithm2,51.55209
I,1200,Algorithm2,52.0745
I,1200,Algorithm2,52.05684
I,1200,Algorithm2,51.69311
I,1200,Algorithm2,51.27802
I,1200,Algorithm2,52.075
I,1200,Algorithm3,31.632441
I,1200,Algorithm3,31.129244
I,1200,Algorithm3,31.224981
I,1200,Algorithm3,30.908363
I,1200,Algorithm3,31.254903
I,1200,Algorithm3,30.990151
I,1200,Algorithm3,32.446379
I,1200,Algorithm3,32.566925
I,1200,Algorithm3,31.019322
I,1200,Algorithm3,30.986534
I,1200,Algorithm3,31.855
I,1200,Algorithm3,32.27011
I,1200,Algorithm3,32.28879
I,1200,Algorithm3,32.1928
I,1200,Algorithm3,31.0239
I,1200,Algorithm3,31.19818
I,1200,Algorithm3,32.48273
I,1200,Algorithm3,31.62146
I,1200,Algorithm3,32.13887
I,1200,Algorithm3,31.99178
I,1200,Algorithm3,31.62533
I,1200,Algorithm3,32.5277
I,1200,Algorithm3,32.35523
I,1200,Algorithm3,31.38916
I,1200,Algorithm3,31.79883
I,1200,Algorithm3,30.9252
I,1200,Algorithm3,31.98375
I,1200,Algorithm3,30.94625
I,1200,Algorithm3,31.72961
I,1200,Algorithm3,30.95242
I,1400,Algorithm1,12.354904
I,1400,Algorithm1,12.373425
I,1400,Algorithm1,12.419377
I,1400,Algorithm1,12.411864
I,1400,Algorithm1,12.679288
I,1400,Algorithm1,12.532245
I,1400,Algorithm1,12.344999
I,1400,Algorithm1,12.016485
I,1400,Algorithm1,12.510678
I,1400,Algorithm1,12.616425
I,1400,Algorithm1,12.31629
I,1400,Algorithm1,12.56703
I,1400,Algorithm1,12.30927
I,1400,Algorithm1,12.56358
I,1400,Algorithm1,12.02437
I,1400,Algorithm1,12.2593
I,1400,Algorithm1,12.12045
I,1400,Algorithm1,12.17076
I,1400,Algorithm1,12.66705
I,1400,Algorithm1,12.37486
I,1400,Algorithm1,12.17046
I,1400,Algorithm1,12.18351
I,1400,Algorithm1,12.12399
I,1400,Algorithm1,12.39198
I,1400,Algorithm1,12.55278
I,1400,Algorithm1,12.48159
I,1400,Algorithm1,12.66479
I,1400,Algorithm1,12.40835
I,1400,Algorithm1,12.43965
I,1400,Algorithm1,12.47418
I,1400,Algorithm2,84.450383
I,1400,Algorithm2,83.184543
I,1400,Algorithm2,83.038192
I,1400,Algorithm2,82.844173
I,1400,Algorithm2,84.275983
I,1400,Algorithm2,82.557574
I,1400,Algorithm2,82.133786
I,1400,Algorithm2,84.158672
I,1400,Algorithm2,83.818581
I,1400,Algorithm2,82.8791
I,1400,Algorithm2,83.91419
I,1400,Algorithm2,83.25954
I,1400,Algorithm2,83.22839
I,1400,Algorithm2,84.28269
I,1400,Algorithm2,83.81966
I,1400,Algorithm2,82.76672
I,1400,Algorithm2,83.66825
I,1400,Algorithm2,84.37161
I,1400,Algorithm2,83.72291
I,1400,Algorithm2,84.34275
I,1400,Algorithm2,82.54406
I,1400,Algorithm2,84.10799
I,1400,Algorithm2,83.45042
I,1400,Algorithm2,83.65842
I,1400,Algorithm2,83.63026
I,1400,Algorithm2,84.29482
I,1400,Algorithm2,83.98729
I,1400,Algorithm2,83.88357
I,1400,Algorithm2,82.59307
I,1400,Algorithm2,84.28483
I,1400,Algorithm3,51.013306
I,1400,Algorithm3,51.139696
I,1400,Algorithm3,52.518013
I,1400,Algorithm3,51.456703
I,1400,Algorithm3,50.542997
I,1400,Algorithm3,51.088151
I,1400,Algorithm3,50.784302
I,1400,Algorithm3,50.967625
I,1400,Algorithm3,53.461178
I,1400,Algorithm3,50.874765
I,1400,Algorithm3,51.09519
I,1400,Algorithm3,51.20905
I,1400,Algorithm3,51.84832
I,1400,Algorithm3,53.11293
I,1400,Algorithm3,51.41875
I,1400,Algorithm3,50.80576
I,1400,Algorithm3,51.44441
I,1400,Algorithm3,51.64712
I,1400,Algorithm3,52.32325
I,1400,Algorithm3,51.84001
I,1400,Algorithm3,53.39706
I,1400,Algorithm3,53.00206
I,1400,Algorithm3,51.48144
I,1400,Algorithm3,50.69919
I,1400,Algorithm3,50.72585
I,1400,Algorithm3,52.61244
I,1400,Algorithm3,51.68571
I,1400,Algorithm3,51.63679
I,1400,Algorithm3,51.76159
I,1400,Algorithm3,52.52765
I,1600,Algorithm1,26.020193
I,1600,Algorithm1,26.084124
I,1600,Algorithm1,25.873338
I,1600,Algorithm1,26.115604
I,1600,Algorithm1,26.141277
I,1600,Algorithm1,27.382358
I,1600,Algorithm1,26.140851
I,1600,Algorithm1,26.13699
I,1600,Algorithm1,26.328969
I,1600,Algorithm1,26.235227
I,1600,Algorithm1,27.19899
I,1600,Algorithm1,26.4866
I,1600,Algorithm1,26.77904
I,1600,Algorithm1,26.88714
I,1600,Algorithm1,26.69927
I,1600,Algorithm1,26.28229
I,1600,Algorithm1,25.94526
I,1600,Algorithm1,26.89175
I,1600,Algorithm1,25.94201
I,1600,Algorithm1,26.1754
I,1600,Algorithm1,27.22244
I,1600,Algorithm1,27.15085
I,1600,Algorithm1,26.67012
I,1600,Algorithm1,26.72443
I,1600,Algorithm1,26.22644
I,1600,Algorithm1,26.74156
I,1600,Algorithm1,26.4698
I,1600,Algorithm1,26.11069
I,1600,Algorithm1,25.94276
I,1600,Algorithm1,27.26409
I,1600,Algorithm2,141.45029
I,1600,Algorithm2,136.264974
I,1600,Algorithm2,137.985643
I,1600,Algorithm2,137.863191
I,1600,Algorithm2,139.43691
I,1600,Algorithm2,137.707162
I,1600,Algorithm2,137.79011
I,1600,Algorithm2,135.975433
I,1600,Algorithm2,140.353747
I,1600,Algorithm2,135.690936
I,1600,Algorithm2,140.45543
I,1600,Algorithm2,138.98883
I,1600,Algorithm2,137.85044
I,1600,Algorithm2,136.60515
I,1600,Algorithm2,137.48232
I,1600,Algorithm2,138.24335
I,1600,Algorithm2,138.43429
I,1600,Algorithm2,140.94117
I,1600,Algorithm2,136.97516
I,1600,Algorithm2,138.95542
I,1600,Algorithm2,138.95051
I,1600,Algorithm2,137.32717
I,1600,Algorithm2,138.84729
I,1600,Algorithm2,137.18488
I,1600,Algorithm2,135.94159
I,1600,Algorithm2,141.04097
I,1600,Algorithm2,140.54361
I,1600,Algorithm2,140.69972
I,1600,Algorithm2,139.19383
I,1600,Algorithm2,141.39311
I,1600,Algorithm3,83.258263
I,1600,Algorithm3,81.937135
I,1600,Algorithm3,80.908083
I,1600,Algorithm3,81.15446
I,1600,Algorithm3,83.665178
I,1600,Algorithm3,80.718803
I,1600,Algorithm3,80.745337
I,1600,Algorithm3,102.714189
I,1600,Algorithm3,82.605082
I,1600,Algorithm3,192.770982
I,1600,Algorithm3,94.8169
I,1600,Algorithm3,96.80023
I,1600,Algorithm3,131.28098
I,1600,Algorithm3,139.08267
I,1600,Algorithm3,129.95282
I,1600,Algorithm3,102.90739
I,1600,Algorithm3,106.64602
I,1600,Algorithm3,177.12005
I,1600,Algorithm3,147.07875
I,1600,Algorithm3,88.59966
I,1600,Algorithm3,124.40327
I,1600,Algorithm3,165.87414
I,1600,Algorithm3,134.77671
I,1600,Algorithm3,122.48729
I,1600,Algorithm3,91.61253
I,1600,Algorithm3,127.36023
I,1600,Algorithm3,174.27356
I,1600,Algorithm3,153.08498
I,1600,Algorithm3,155.88101
I,1600,Algorithm3,134.14329
I,1800,Algorithm1,35.134554
I,1800,Algorithm1,27.386803
I,1800,Algorithm1,38.963952
I,1800,Algorithm1,74.041024
I,1800,Algorithm1,69.609891
I,1800,Algorithm1,67.190052
I,1800,Algorithm1,28.035405
I,1800,Algorithm1,26.707991
I,1800,Algorithm1,50.440306
I,1800,Algorithm1,68.372751
I,1800,Algorithm1,27.11211
I,1800,Algorithm1,30.59212
I,1800,Algorithm1,67.04595
I,1800,Algorithm1,45.77964
I,1800,Algorithm1,44.81643
I,1800,Algorithm1,58.77523
I,1800,Algorithm1,61.61588
I,1800,Algorithm1,46.99856
I,1800,Algorithm1,70.59839
I,1800,Algorithm1,59.60238
I,1800,Algorithm1,51.35165
I,1800,Algorithm1,31.2542
I,1800,Algorithm1,43.25726
I,1800,Algorithm1,38.55726
I,1800,Algorithm1,44.77821
I,1800,Algorithm1,31.83917
I,1800,Algorithm1,55.46111
I,1800,Algorithm1,48.45548
I,1800,Algorithm1,49.78427
I,1800,Algorithm1,29.87396
I,1800,Algorithm2,406.924116
I,1800,Algorithm2,348.878786
I,1800,Algorithm2,354.506896
I,1800,Algorithm2,412.824183
I,1800,Algorithm2,400.896949
I,1800,Algorithm2,347.657932
I,1800,Algorithm2,388.496398
I,1800,Algorithm2,412.447077
I,1800,Algorithm2,373.560613
I,1800,Algorithm2,343.41646
I,1800,Algorithm2,357.40055
I,1800,Algorithm2,353.8016
I,1800,Algorithm2,385.99004
I,1800,Algorithm2,393.67155
I,1800,Algorithm2,400.55475
I,1800,Algorithm2,359.59046
I,1800,Algorithm2,393.12706
I,1800,Algorithm2,385.42932
I,1800,Algorithm2,359.72207
I,1800,Algorithm2,357.65619
I,1800,Algorithm2,408.88333
I,1800,Algorithm2,374.98332
I,1800,Algorithm2,351.36549
I,1800,Algorithm2,383.59567
I,1800,Algorithm2,366.25937
I,1800,Algorithm2,360.32564
I,1800,Algorithm2,407.6787
I,1800,Algorithm2,354.70197
I,1800,Algorithm2,410.66052
I,1800,Algorithm2,395.20623
I,1800,Algorithm3,261.504294
I,1800,Algorithm3,246.806715
I,1800,Algorithm3,200.581843
I,1800,Algorithm3,197.303255
I,1800,Algorithm3,256.716565
I,1800,Algorithm3,254.478408
I,1800,Algorithm3,202.325509
I,1800,Algorithm3,202.343803
I,1800,Algorithm3,242.995876
I,1800,Algorithm3,247.225629
I,1800,Algorithm3,223.50102
I,1800,Algorithm3,221.35537
I,1800,Algorithm3,246.79758
I,1800,Algorithm3,232.20436
I,1800,Algorithm3,260.04297
I,1800,Algorithm3,229.84292
I,1800,Algorithm3,250.43617
I,1800,Algorithm3,247.31705
I,1800,Algorithm3,243.43191
I,1800,Algorithm3,204.9401
I,1800,Algorithm3,202.30225
I,1800,Algorithm3,200.65792
I,1800,Algorithm3,229.33844
I,1800,Algorithm3,256.92332
I,1800,Algorithm3,204.02487
I,1800,Algorithm3,228.73258
I,1800,Algorithm3,242.33891
I,1800,Algorithm3,235.45076
I,1800,Algorithm3,220.26124
I,1800,Algorithm3,252.61823
I,2000,Algorithm1,67.090094
I,2000,Algorithm1,122.090532
I,2000,Algorithm1,133.390837
I,2000,Algorithm1,58.108676
I,2000,Algorithm1,144.567204
I,2000,Algorithm1,111.253984
I,2000,Algorithm1,80.865606
I,2000,Algorithm1,148.903416
I,2000,Algorithm1,85.673974
I,2000,Algorithm1,102.48075
I,2000,Algorithm1,74.63417
I,2000,Algorithm1,104.74395
I,2000,Algorithm1,66.29135
I,2000,Algorithm1,87.70233
I,2000,Algorithm1,118.83143
I,2000,Algorithm1,141.95529
I,2000,Algorithm1,138.15637
I,2000,Algorithm1,106.59123
I,2000,Algorithm1,143.8196
I,2000,Algorithm1,108.11865
I,2000,Algorithm1,115.89612
I,2000,Algorithm1,132.05704
I,2000,Algorithm1,84.09081
I,2000,Algorithm1,79.15147
I,2000,Algorithm1,74.68208
I,2000,Algorithm1,115.90808
I,2000,Algorithm1,67.82893
I,2000,Algorithm1,113.5909
I,2000,Algorithm1,128.25545
I,2000,Algorithm1,108.70704
I,2000,Algorithm2,534.570101
I,2000,Algorithm2,564.824252
I,2000,Algorithm2,574.028901
I,2000,Algorithm2,561.329049
I,2000,Algorithm2,520.559817
I,2000,Algorithm2,532.088358
I,2000,Algorithm2,528.768984
I,2000,Algorithm2,572.366181
I,2000,Algorithm2,568.787036
I,2000,Algorithm2,521.51659
I,2000,Algorithm2,542.19083
I,2000,Algorithm2,557.00106
I,2000,Algorithm2,546.52633
I,2000,Algorithm2,545.39208
I,2000,Algorithm2,558.48502
I,2000,Algorithm2,520.90481
I,2000,Algorithm2,539.85706
I,2000,Algorithm2,549.5797
I,2000,Algorithm2,530.67056
I,2000,Algorithm2,529.15217
I,2000,Algorithm2,530.27261
I,2000,Algorithm2,542.88833
I,2000,Algorithm2,548.77259
I,2000,Algorithm2,548.84024
I,2000,Algorithm2,573.11724
I,2000,Algorithm2,564.07215
I,2000,Algorithm2,560.3482
I,2000,Algorithm2,548.23501
I,2000,Algorithm2,549.33799
I,2000,Algorithm2,555.74193
I,2000,Algorithm3,321.875287
I,2000,Algorithm3,321.898405
I,2000,Algorithm3,319.478106
I,2000,Algorithm3,310.876942
I,2000,Algorithm3,323.178126
I,2000,Algorithm3,310.905249
I,2000,Algorithm3,307.355312
I,2000,Algorithm3,311.573759
I,2000,Algorithm3,319.128949
I,2000,Algorithm3,321.810909
I,2000,Algorithm3,320.18649
I,2000,Algorithm3,312.51909
I,2000,Algorithm3,323.00495
I,2000,Algorithm3,316.04239
I,2000,Algorithm3,315.98698
I,2000,Algorithm3,314.07839
I,2000,Algorithm3,308.73138
I,2000,Algorithm3,319.19238
I,2000,Algorithm3,318.15422
I,2000,Algorithm3,313.6747
I,2000,Algorithm3,321.21603
I,2000,Algorithm3,315.4909
I,2000,Algorithm3,310.12136
I,2000,Algorithm3,315.44972
I,2000,Algorithm3,319.30781
I,2000,Algorithm3,323.072
I,2000,Algorithm3,319.22079
I,2000,Algorithm3,317.69604
I,2000,Algorithm3,314.18575
I,2000,Algorithm3,323.08456
I,2200,Algorithm1,167.88631
I,2200,Algorithm1,75.46658
I,2200,Algorithm1,162.991219
I,2200,Algorithm1,118.706998
I,2200,Algorithm1,130.385505
I,2200,Algorithm1,139.8643
I,2200,Algorithm1,89.170445
I,2200,Algorithm1,169.936213
I,2200,Algorithm1,84.681908
I,2200,Algorithm1,159.441436
I,2200,Algorithm1,86.24941
I,2200,Algorithm1,130.02164
I,2200,Algorithm1,142.76713
I,2200,Algorithm1,78.86142
I,2200,Algorithm1,149.84335
I,2200,Algorithm1,92.5474
I,2200,Algorithm1,142.66193
I,2200,Algorithm1,121.21295
I,2200,Algorithm1,80.86141
I,2200,Algorithm1,156.73662
I,2200,Algorithm1,119.78465
I,2200,Algorithm1,145.4905
I,2200,Algorithm1,78.89889
I,2200,Algorithm1,166.14864
I,2200,Algorithm1,157.94762
I,2200,Algorithm1,98.29159
I,2200,Algorithm1,115.29075
I,2200,Algorithm1,149.29474
I,2200,Algorithm1,95.29827
I,2200,Algorithm1,98.06332
I,2200,Algorithm2,801.419225
I,2200,Algorithm2,824.153209
I,2200,Algorithm2,856.860935
I,2200,Algorithm2,801.030975
I,2200,Algorithm2,785.252452
I,2200,Algorithm2,842.1771
I,2200,Algorithm2,840.754921
I,2200,Algorithm2,781.310626
I,2200,Algorithm2,799.738467
I,2200,Algorithm2,856.503049
I,2200,Algorithm2,808.29599
I,2200,Algorithm2,806.61391
I,2200,Algorithm2,793.19302
I,2200,Algorithm2,827.07196
I,2200,Algorithm2,818.63127
I,2200,Algorithm2,790.32624
I,2200,Algorithm2,834.39699
I,2200,Algorithm2,824.26778
I,2200,Algorithm2,805.76131
I,2200,Algorithm2,850.62649
I,2200,Algorithm2,830.8847
I,2200,Algorithm2,808.18771
I,2200,Algorithm2,814.91616
I,2200,Algorithm2,853.96011
I,2200,Algorithm2,840.20849
I,2200,Algorithm2,785.41051
I,2200,Algorithm2,828.39276
I,2200,Algorithm2,822.63293
I,2200,Algorithm2,850.68417
I,2200,Algorithm2,823.04865
I,2200,Algorithm3,450.44432
I,2200,Algorithm3,461.345886
I,2200,Algorithm3,462.958317
I,2200,Algorithm3,445.686642
I,2200,Algorithm3,469.708612
I,2200,Algorithm3,438.376695
I,2200,Algorithm3,485.552894
I,2200,Algorithm3,423.452454
I,2200,Algorithm3,496.184301
I,2200,Algorithm3,409.739546
I,2200,Algorithm3,482.37358
I,2200,Algorithm3,411.49078
I,2200,Algorithm3,490.4113
I,2200,Algorithm3,474.22218
I,2200,Algorithm3,411.91326
I,2200,Algorithm3,417.98106
I,2200,Algorithm3,450.1804
I,2200,Algorithm3,465.9953
I,2200,Algorithm3,466.3391
I,2200,Algorithm3,461.43926
I,2200,Algorithm3,450.85912
I,2200,Algorithm3,457.88532
I,2200,Algorithm3,465.84493
I,2200,Algorithm3,427.57162
I,2200,Algorithm3,430.13559
I,2200,Algorithm3,490.6077
I,2200,Algorithm3,459.92119
I,2200,Algorithm3,477.15318
I,2200,Algorithm3,452.80398
I,2200,Algorithm3,454.42837
I,2400,Algorithm1,248.700687
I,2400,Algorithm1,199.910458
I,2400,Algorithm1,169.674997
I,2400,Algorithm1,237.08229
I,2400,Algorithm1,214.84149
I,2400,Algorithm1,171.237039
I,2400,Algorithm1,222.144362
I,2400,Algorithm1,230.934707
I,2400,Algorithm1,171.259503
I,2400,Algorithm1,207.774701
I,2400,Algorithm1,183.59162
I,2400,Algorithm1,223.87811
I,2400,Algorithm1,209.81649
I,2400,Algorithm1,238.50352
I,2400,Algorithm1,226.71827
I,2400,Algorithm1,246.87913
I,2400,Algorithm1,216.12096
I,2400,Algorithm1,217.79503
I,2400,Algorithm1,228.43858
I,2400,Algorithm1,185.48518
I,2400,Algorithm1,210.65989
I,2400,Algorithm1,211.56341
I,2400,Algorithm1,174.68503
I,2400,Algorithm1,172.38092
I,2400,Algorithm1,221.10231
I,2400,Algorithm1,210.72422
I,2400,Algorithm1,221.16337
I,2400,Algorithm1,237.55624
I,2400,Algorithm1,190.9365
I,2400,Algorithm1,179.71862
I,2400,Algorithm2,1158.909958
I,2400,Algorithm2,1124.71345
I,2400,Algorithm2,1074.002015
I,2400,Algorithm2,1124.470632
I,2400,Algorithm2,1133.890068
I,2400,Algorithm2,1092.012588
I,2400,Algorithm2,1096.787219
I,2400,Algorithm2,1156.87701
I,2400,Algorithm2,1106.888242
I,2400,Algorithm2,1093.112235
I,2400,Algorithm2,1141.56743
I,2400,Algorithm2,1139.71872
I,2400,Algorithm2,1078.79871
I,2400,Algorithm2,1124.88106
I,2400,Algorithm2,1129.16984
I,2400,Algorithm2,1095.61035
I,2400,Algorithm2,1107.59133
I,2400,Algorithm2,1092.07366
I,2400,Algorithm2,1099.78262
I,2400,Algorithm2,1129.63546
I,2400,Algorithm2,1115.93111
I,2400,Algorithm2,1079.50652
I,2400,Algorithm2,1132.08242
I,2400,Algorithm2,1123.27764
I,2400,Algorithm2,1080.65365
I,2400,Algorithm2,1156.54514
I,2400,Algorithm2,1079.27929
I,2400,Algorithm2,1131.52056
I,2400,Algorithm2,1103.29802
I,2400,Algorithm2,1076.52543
I,2400,Algorithm3,640.145092
I,2400,Algorithm3,632.924341
I,2400,Algorithm3,635.595797
I,2400,Algorithm3,641.521644
I,2400,Algorithm3,633.532581
I,2400,Algorithm3,617.916728
I,2400,Algorithm3,613.689829
I,2400,Algorithm3,614.334744
I,2400,Algorithm3,614.539737
I,2400,Algorithm3,644.80175
I,2400,Algorithm3,620.89949
I,2400,Algorithm3,619.82493
I,2400,Algorithm3,620.23766
I,2400,Algorithm3,617.98693
I,2400,Algorithm3,641.8683
I,2400,Algorithm3,636.76615
I,2400,Algorithm3,639.0953
I,2400,Algorithm3,640.19427
I,2400,Algorithm3,631.7219
I,2400,Algorithm3,637.79657
I,2400,Algorithm3,624.88759
I,2400,Algorithm3,638.70994
I,2400,Algorithm3,633.42954
I,2400,Algorithm3,622.24612
I,2400,Algorithm3,636.61199
I,2400,Algorithm3,626.44465
I,2400,Algorithm3,638.40221
I,2400,Algorithm3,628.32376
I,2400,Algorithm3,620.47039
I,2400,Algorithm3,617.30265
I,2600,Algorithm1,258.010788
I,2600,Algorithm1,276.859772
I,2600,Algorithm1,279.281231
I,2600,Algorithm1,279.531435
I,2600,Algorithm1,258.591887
I,2600,Algorithm1,259.36683
I,2600,Algorithm1,251.652179
I,2600,Algorithm1,249.199014
I,2600,Algorithm1,251.607459
I,2600,Algorithm1,272.025006
I,2600,Algorithm1,279.27638
I,2600,Algorithm1,251.62032
I,2600,Algorithm1,273.35764
I,2600,Algorithm1,262.9646
I,2600,Algorithm1,277.53934
I,2600,Algorithm1,272.74751
I,2600,Algorithm1,252.17315
I,2600,Algorithm1,253.591
I,2600,Algorithm1,252.49799
I,2600,Algorithm1,263.53506
I,2600,Algorithm1,251.25315
I,2600,Algorithm1,263.3646
I,2600,Algorithm1,271.33639
I,2600,Algorithm1,268.69147
I,2600,Algorithm1,277.48045
I,2600,Algorithm1,258.28423
I,2600,Algorithm1,271.59368
I,2600,Algorithm1,256.29742
I,2600,Algorithm1,256.33998
I,2600,Algorithm1,256.11261
I,2600,Algorithm2,1511.692461
I,2600,Algorithm2,1590.21313
I,2600,Algorithm2,1502.649694
I,2600,Algorithm2,1471.943168
I,2600,Algorithm2,1488.093212
I,2600,Algorithm2,1485.511216
I,2600,Algorithm2,1474.428506
I,2600,Algorithm2,1479.586452
I,2600,Algorithm2,1630.945488
I,2600,Algorithm2,1773.460038
I,2600,Algorithm2,1485.14144
I,2600,Algorithm2,1749.4283
I,2600,Algorithm2,1506.7011
I,2600,Algorithm2,1573.67973
I,2600,Algorithm2,1767.39699
I,2600,Algorithm2,1503.47497
I,2600,Algorithm2,1743.91741
I,2600,Algorithm2,1770.45229
I,2600,Algorithm2,1600.34342
I,2600,Algorithm2,1585.25442
I,2600,Algorithm2,1512.43745
I,2600,Algorithm2,1760.37331
I,2600,Algorithm2,1585.5106
I,2600,Algorithm2,1593.12015
I,2600,Algorithm2,1701.5995
I,2600,Algorithm2,1735.94543
I,2600,Algorithm2,1480.09778
I,2600,Algorithm2,1671.96277
I,2600,Algorithm2,1699.2288
I,2600,Algorithm2,1479.99398
I,2600,Algorithm3,1016.158873
I,2600,Algorithm3,952.989186
I,2600,Algorithm3,980.021341
I,2600,Algorithm3,1012.86619
I,2600,Algorithm3,971.614356
I,2600,Algorithm3,940.043408
I,2600,Algorithm3,996.925331
I,2600,Algorithm3,1015.177131
I,2600,Algorithm3,957.47013
I,2600,Algorithm3,946.559582
I,2600,Algorithm3,1009.93125
I,2600,Algorithm3,970.4401
I,2600,Algorithm3,959.07845
I,2600,Algorithm3,962.4214
I,2600,Algorithm3,942.3239
I,2600,Algorithm3,1012.00003
I,2600,Algorithm3,1003.46565
I,2600,Algorithm3,1010.73302
I,2600,Algorithm3,945.06044
I,2600,Algorithm3,1006.19309
I,2600,Algorithm3,975.29796
I,2600,Algorithm3,941.17302
I,2600,Algorithm3,988.6692
I,2600,Algorithm3,978.7101
I,2600,Algorithm3,978.78986
I,2600,Algorithm3,973.65218
I,2600,Algorithm3,949.50792
I,2600,Algorithm3,999.13239
I,2600,Algorithm3,949.01727
I,2600,Algorithm3,986.35518
I,2800,Algorithm1,573.594419
I,2800,Algorithm1,582.485442
I,2800,Algorithm1,579.341094
I,2800,Algorithm1,576.85928
I,2800,Algorithm1,559.623852
I,2800,Algorithm1,547.639998
I,2800,Algorithm1,546.928945
I,2800,Algorithm1,543.539365
I,2800,Algorithm1,571.689083
I,2800,Algorithm1,576.161262
I,2800,Algorithm1,568.40757
I,2800,Algorithm1,564.89583
I,2800,Algorithm1,557.7958
I,2800,Algorithm1,572.59085
I,2800,Algorithm1,556.17681
I,2800,Algorithm1,581.76667
I,2800,Algorithm1,568.18845
I,2800,Algorithm1,553.17202
I,2800,Algorithm1,568.44434
I,2800,Algorithm1,553.12449
I,2800,Algorithm1,554.87506
I,2800,Algorithm1,557.55769
I,2800,Algorithm1,546.3954
I,2800,Algorithm1,553.59299
I,2800,Algorithm1,569.86767
I,2800,Algorithm1,552.19395
I,2800,Algorithm1,573.87216
I,2800,Algorithm1,569.57323
I,2800,Algorithm1,557.90167
I,2800,Algorithm1,557.902
I,2800,Algorithm2,2235.620948
I,2800,Algorithm2,2248.036564
I,2800,Algorithm2,2222.17108
I,2800,Algorithm2,2262.771068
I,2800,Algorithm2,2212.527499
I,2800,Algorithm2,2286.107003
I,2800,Algorithm2,2251.794281
I,2800,Algorithm2,2280.194989
I,2800,Algorithm2,2357.076718
I,2800,Algorithm2,2276.815889
I,2800,Algorithm2,2243.47139
I,2800,Algorithm2,2291.28702
I,2800,Algorithm2,2225.96615
I,2800,Algorithm2,2333.87148
I,2800,Algorithm2,2230.98963
I,2800,Algorithm2,2240.62214
I,2800,Algorithm2,2234.43448
I,2800,Algorithm2,2266.1995
I,2800,Algorithm2,2343.86877
I,2800,Algorithm2,2270.27441
I,2800,Algorithm2,2307.50594
I,2800,Algorithm2,2251.09559
I,2800,Algorithm2,2335.98876
I,2800,Algorithm2,2336.36201
I,2800,Algorithm2,2241.2385
I,2800,Algorithm2,2320.75008
I,2800,Algorithm2,2212.86975
I,2800,Algorithm2,2305.38774
I,2800,Algorithm2,2323.66293
I,2800,Algorithm2,2300.78525
I,2800,Algorithm3,1287.385905
I,2800,Algorithm3,1255.951398
I,2800,Algorithm3,1233.619809
I,2800,Algorithm3,1190.453141
I,2800,Algorithm3,1253.050893
I,2800,Algorithm3,1314.818858
I,2800,Algorithm3,1286.075356
I,2800,Algorithm3,1246.854444
I,2800,Algorithm3,1313.418651
I,2800,Algorithm3,1321.593738
I,2800,Algorithm3,1227.79087
I,2800,Algorithm3,1261.99752
I,2800,Algorithm3,1252.73229
I,2800,Algorithm3,1302.95644
I,2800,Algorithm3,1276.80358
I,2800,Algorithm3,1226.38033
I,2800,Algorithm3,1215.13476
I,2800,Algorithm3,1270.11622
I,2800,Algorithm3,1273.21545
I,2800,Algorithm3,1291.49894
I,2800,Algorithm3,1315.67497
I,2800,Algorithm3,1216.78955
I,2800,Algorithm3,1200.61466
I,2800,Algorithm3,1300.15248
I,2800,Algorithm3,1288.67598
I,2800,Algorithm3,1272.82655
I,2800,Algorithm3,1250.35569
I,2800,Algorithm3,1202.64248
I,2800,Algorithm3,1279.55041
I,2800,Algorithm3,1236.41218
I,3000,Algorithm1,756.103451
I,3000,Algorithm1,788.509872
I,3000,Algorithm1,829.686478
I,3000,Algorithm1,751.962851
I,3000,Algorithm1,801.787438
I,3000,Algorithm1,818.66683
I,3000,Algorithm1,758.400356
I,3000,Algorithm1,815.701564
I,3000,Algorithm1,803.826824
I,3000,Algorithm1,745.628314
I,3000,Algorithm1,809.12692
I,3000,Algorithm1,801.51562
I,3000,Algorithm1,755.02754
I,3000,Algorithm1,778.21012
I,3000,Algorithm1,748.8992
I,3000,Algorithm1,766.29589
I,3000,Algorithm1,798.62569
I,3000,Algorithm1,795.72034
I,3000,Algorithm1,812.35725
I,3000,Algorithm1,791.73727
I,3000,Algorithm1,763.20912
I,3000,Algorithm1,805.85473
I,3000,Algorithm1,753.26541
I,3000,Algorithm1,784.74197
I,3000,Algorithm1,797.69386
I,3000,Algorithm1,814.89566
I,3000,Algorithm1,751.22586
I,3000,Algorithm1,756.55143
I,3000,Algorithm1,752.01133
I,3000,Algorithm1,766.48151
I,3000,Algorithm2,2893.315272
I,3000,Algorithm2,2795.660276
I,3000,Algorithm2,2886.04604
I,3000,Algorithm2,2790.375379
I,3000,Algorithm2,2859.061305
I,3000,Algorithm2,2823.739617
I,3000,Algorithm2,2822.901756
I,3000,Algorithm2,2849.868139
I,3000,Algorithm2,2782.579452
I,3000,Algorithm2,2889.305014
I,3000,Algorithm2,2856.06995
I,3000,Algorithm2,2890.3741
I,3000,Algorithm2,2792.92094
I,3000,Algorithm2,2807.23576
I,3000,Algorithm2,2815.65463
I,3000,Algorithm2,2800.71076
I,3000,Algorithm2,2869.75543
I,3000,Algorithm2,2861.31945
I,3000,Algorithm2,2881.69385
I,3000,Algorithm2,2787.88073
I,3000,Algorithm2,2815.6784
I,3000,Algorithm2,2820.09531
I,3000,Algorithm2,2871.14252
I,3000,Algorithm2,2848.39318
I,3000,Algorithm2,2850.00011
I,3000,Algorithm2,2790.6712
I,3000,Algorithm2,2815.25603
I,3000,Algorithm2,2789.13103
I,3000,Algorithm2,2841.37069
I,3000,Algorithm2,2838.74355
I,3000,Algorithm3,1555.158224
I,3000,Algorithm3,1585.930109
I,3000,Algorithm3,1619.34857
I,3000,Algorithm3,1575.366571
I,3000,Algorithm3,1564.866985
I,3000,Algorithm3,1625.151175
I,3000,Algorithm3,1595.887661
I,3000,Algorithm3,1549.502205
I,3000,Algorithm3,1639.167759
I,3000,Algorithm3,1602.985845
I,3000,Algorithm3,1567.41495
I,3000,Algorithm3,1567.11283
I,3000,Algorithm3,1605.68323
I,3000,Algorithm3,1574.0825
I,3000,Algorithm3,1635.03167
I,3000,Algorithm3,1552.92225
I,3000,Algorithm3,1609.06936
I,3000,Algorithm3,1587.43117
I,3000,Algorithm3,1628.20117
I,3000,Algorithm3,1637.87098
I,3000,Algorithm3,1601.8904
I,3000,Algorithm3,1584.01961
I,3000,Algorithm3,1571.1336
I,3000,Algorithm3,1550.25757
I,3000,Algorithm3,1627.27462
I,3000,Algorithm3,1621.09025
I,3000,Algorithm3,1603.17489
I,3000,Algorithm3,1573.03119
I,3000,Algorithm3,1600.59877
I,3000,Algorithm3,1577.52954
